intent,rougeL_baseline,rougeL_finetuned,gain
edit_account,0.23869552459304155,0.2296049034533881,-0.009090621139653449
contact_customer_service,0.24052682769888298,0.23237558966421282,-0.00815123803467016
change_order,0.28307152025431015,0.27619849619922765,-0.0068730240550824995
get_invoice,0.24669321185687695,0.24134406993348803,-0.005349141923388923
complaint,0.2661924196967521,0.2630241743874245,-0.003168245309327633
payment_issue,0.25781691361176295,0.25581407139202633,-0.0020028422197366225
newsletter_subscription,0.27466469004678257,0.27283455727007044,-0.0018301327767121234
review,0.21639612115035076,0.2148499191035049,-0.001546202046845857
delete_account,0.25892303929514054,0.25746423215682024,-0.001458807138320306
track_order,0.27525025171610684,0.27386777331733186,-0.0013824783987749778
check_refund_policy,0.2136116198868938,0.21289870783899187,-0.0007129120479019424
switch_account,0.18071420658192994,0.18071420658192994,0.0
delivery_options,0.2010497710092689,0.2010497710092689,0.0
create_account,0.2584299582584692,0.2584299582584692,0.0
check_invoice,0.2852929373047621,0.2852929373047621,0.0
cancel_order,0.20543250750085673,0.20543250750085673,0.0
recover_password,0.2164580275582276,0.2164580275582276,0.0
get_refund,0.2399587846773299,0.24001231965909453,5.353498176463578e-05
change_shipping_address,0.27262153310034515,0.27295173376074644,0.0003302006604012919
set_up_shipping_address,0.22282070129338882,0.22364916133237514,0.0008284600389863173
registration_problems,0.22269715463893822,0.22407099305084274,0.0013738384119045266
place_order,0.2922643011291343,0.29408723160620137,0.001822930477067053
contact_human_agent,0.22494465112083525,0.229169076435027,0.00422442531419176
track_refund,0.24697010884349968,0.2531425847066972,0.006172475863197524
delivery_period,0.2741625845982159,0.2826693266685168,0.008506742070300888
check_cancellation_fee,0.22829252990058277,0.23959644418492357,0.0113039142843408
check_payment_methods,0.23316107269464204,0.24495072000692208,0.01178964731228005
