x,y,intent,category
6.707494,11.6021,contact_customer_service,CONTACT
12.948654,2.7047043,newsletter_subscription,SUBSCRIPTION
-33.572453,-8.338386,change_order,ORDER
8.615205,4.639344,contact_human_agent,CONTACT
9.5129595,-0.13583215,set_up_shipping_address,SHIPPING
5.2742352,7.9105816,check_payment_methods,PAYMENT
-6.055527,10.765643,check_invoice,INVOICE
-19.37027,-2.813904,change_order,ORDER
-27.975279,6.7230597,complaint,FEEDBACK
3.3619924,2.3806963,change_shipping_address,SHIPPING
6.4933577,-4.9324684,set_up_shipping_address,SHIPPING
-24.59851,-2.7947233,delete_account,ACCOUNT
-24.471405,-5.6377883,check_invoice,INVOICE
6.4047093,-9.679982,change_shipping_address,SHIPPING
7.1238327,4.80389,get_refund,REFUND
0.36249563,-9.308246,delete_account,ACCOUNT
-6.796627,6.6873116,contact_human_agent,CONTACT
1.2400701,9.477437,set_up_shipping_address,SHIPPING
10.157462,-10.151255,change_shipping_address,SHIPPING
-7.5367355,-12.444919,change_order,ORDER
1.7254823,10.395312,check_cancellation_fee,CANCEL
0.37829897,6.0621676,switch_account,ACCOUNT
2.2210984,9.50997,get_refund,REFUND
13.263875,-11.404608,delivery_options,DELIVERY
4.5237403,5.309774,review,FEEDBACK
10.566957,-6.228011,payment_issue,PAYMENT
13.599389,-7.7943597,contact_customer_service,CONTACT
-29.082022,-2.063951,track_order,ORDER
7.224437,-8.532638,edit_account,ACCOUNT
9.555933,5.3445153,newsletter_subscription,SUBSCRIPTION
-10.392869,1.0083865,switch_account,ACCOUNT
1.5470341,3.4744065,registration_problems,ACCOUNT
-0.7787504,6.8673825,payment_issue,PAYMENT
6.776083,-7.1485076,check_refund_policy,REFUND
-2.9059048,-12.327786,create_account,ACCOUNT
-13.712621,-4.68003,cancel_order,ORDER
-3.309148,13.816552,newsletter_subscription,SUBSCRIPTION
5.959791,-1.4257812,delete_account,ACCOUNT
2.397093,-13.00571,switch_account,ACCOUNT
10.025623,2.1768656,delivery_options,DELIVERY
11.772889,6.9357853,delivery_period,DELIVERY
-26.266836,2.4131901,check_invoice,INVOICE
-20.549091,-6.6719,change_order,ORDER
-12.682831,13.131058,edit_account,ACCOUNT
13.055808,5.4451075,registration_problems,ACCOUNT
-0.57920057,8.108981,newsletter_subscription,SUBSCRIPTION
-5.090828,11.609762,switch_account,ACCOUNT
-3.8859107,4.5131216,newsletter_subscription,SUBSCRIPTION
5.2707925,7.426646,complaint,FEEDBACK
-9.822877,-10.67099,cancel_order,ORDER
5.9986663,-10.611235,check_invoice,INVOICE
4.9479637,-10.320855,check_invoice,INVOICE
-26.555399,2.299456,check_invoice,INVOICE
-8.001707,-8.570754,get_invoice,INVOICE
5.7917066,6.4974174,edit_account,ACCOUNT
0.96083796,-4.4488907,recover_password,ACCOUNT
-11.694516,-4.130529,get_invoice,INVOICE
4.2155643,6.288764,newsletter_subscription,SUBSCRIPTION
7.346757,4.0117044,check_payment_methods,PAYMENT
7.7101955,4.5287843,registration_problems,ACCOUNT
10.898416,5.0809526,payment_issue,PAYMENT
13.089409,-9.741208,contact_human_agent,CONTACT
-15.0741,-3.5738797,track_order,ORDER
1.921061,5.7423334,recover_password,ACCOUNT
-8.731084,10.012688,complaint,FEEDBACK
3.8903303,2.7294893,edit_account,ACCOUNT
6.838728,2.9938173,edit_account,ACCOUNT
4.8516617,3.741866,edit_account,ACCOUNT
14.3637705,-8.58781,check_refund_policy,REFUND
11.671762,2.6077223,change_shipping_address,SHIPPING
-14.152865,-3.8640893,get_invoice,INVOICE
9.746002,-0.7343016,recover_password,ACCOUNT
8.522565,5.436557,delivery_period,DELIVERY
2.8730006,9.153176,contact_human_agent,CONTACT
8.196406,2.8018796,payment_issue,PAYMENT
10.165954,6.2276754,check_refund_policy,REFUND
-15.199102,-4.128073,change_order,ORDER
-5.1864424,3.3694074,change_shipping_address,SHIPPING
12.229151,-10.551247,contact_human_agent,CONTACT
1.3223412,7.7877297,change_shipping_address,SHIPPING
12.6048975,-11.143335,place_order,ORDER
8.884938,4.1340184,place_order,ORDER
14.618687,-10.335509,place_order,ORDER
-12.514909,-5.8110266,change_order,ORDER
0.24046934,4.3185253,change_shipping_address,SHIPPING
-1.5847322,6.893919,set_up_shipping_address,SHIPPING
10.161441,-8.346689,change_shipping_address,SHIPPING
-19.79513,6.8991833,get_refund,REFUND
8.918015,-9.499818,get_refund,REFUND
-5.391189,-0.09891708,delivery_options,DELIVERY
7.185457,1.5616107,delivery_period,DELIVERY
3.5293736,-7.8673,contact_human_agent,CONTACT
-13.224395,-2.5078516,switch_account,ACCOUNT
-13.190591,-15.799099,change_order,ORDER
11.093389,-6.874066,check_cancellation_fee,CANCEL
-1.2815844,10.554276,payment_issue,PAYMENT
4.5840845,3.8348558,complaint,FEEDBACK
14.882405,-8.026885,check_refund_policy,REFUND
9.602051,6.959593,check_cancellation_fee,CANCEL
-15.748919,-2.161626,cancel_order,ORDER
-0.27860817,-5.7708144,delete_account,ACCOUNT
14.163375,-8.068657,contact_customer_service,CONTACT
8.588461,-9.323398,review,FEEDBACK
-4.6093807,5.9336057,get_refund,REFUND
12.42564,-9.503915,check_payment_methods,PAYMENT
9.294089,3.5866034,registration_problems,ACCOUNT
13.01835,4.5660915,contact_human_agent,CONTACT
9.400209,2.6261775,delivery_period,DELIVERY
10.33041,-7.8333755,check_payment_methods,PAYMENT
-7.6547947,13.084057,create_account,ACCOUNT
17.314518,-8.298359,delivery_period,DELIVERY
-15.104121,-6.8309455,track_order,ORDER
-20.521467,6.484805,delete_account,ACCOUNT
-11.046069,10.514513,edit_account,ACCOUNT
-14.736736,-3.962994,cancel_order,ORDER
-11.030031,5.750223,contact_human_agent,CONTACT
2.842356,8.028352,change_shipping_address,SHIPPING
-19.478943,9.704281,check_cancellation_fee,CANCEL
2.673127,4.1207676,complaint,FEEDBACK
5.9201136,-4.3861327,contact_customer_service,CONTACT
-3.4906824,11.296399,delivery_period,DELIVERY
-2.491809,8.456259,complaint,FEEDBACK
3.148212,6.8645453,payment_issue,PAYMENT
7.2429543,-8.962458,newsletter_subscription,SUBSCRIPTION
10.718808,-6.781289,get_refund,REFUND
11.384128,-9.817473,track_refund,REFUND
-12.055093,12.66091,edit_account,ACCOUNT
11.513872,6.224142,check_cancellation_fee,CANCEL
8.252781,8.4164095,review,FEEDBACK
3.871345,5.48343,complaint,FEEDBACK
3.4131532,3.5728319,registration_problems,ACCOUNT
4.5956225,9.801907,registration_problems,ACCOUNT
11.668063,-9.393758,edit_account,ACCOUNT
-7.7205324,12.827696,place_order,ORDER
-7.2623463,8.189921,complaint,FEEDBACK
-8.900345,11.277808,edit_account,ACCOUNT
-11.247774,-15.105036,get_invoice,INVOICE
1.175342,7.347604,change_shipping_address,SHIPPING
-7.461939,-16.863382,cancel_order,ORDER
9.078715,-6.2755427,check_refund_policy,REFUND
13.028082,-8.733534,delivery_options,DELIVERY
13.779727,5.6884127,check_cancellation_fee,CANCEL
-16.78377,8.755619,edit_account,ACCOUNT
-12.074095,-1.083504,switch_account,ACCOUNT
13.357044,-9.196573,contact_customer_service,CONTACT
11.920299,-8.101111,check_cancellation_fee,CANCEL
12.920425,-7.2568197,contact_human_agent,CONTACT
10.831782,4.958392,contact_customer_service,CONTACT
-5.8265595,6.025365,check_invoice,INVOICE
2.3829336,6.106512,recover_password,ACCOUNT
-33.821426,-1.9472551,delete_account,ACCOUNT
-6.625664,-15.456631,track_order,ORDER
-10.682733,-2.0500755,check_invoice,INVOICE
11.912664,1.8547637,check_refund_policy,REFUND
0.6668447,7.790886,registration_problems,ACCOUNT
-7.221238,-7.372178,create_account,ACCOUNT
3.7249558,6.513442,check_payment_methods,PAYMENT
2.9095075,6.577046,recover_password,ACCOUNT
-20.5969,-13.961011,cancel_order,ORDER
10.848348,-7.7291965,check_payment_methods,PAYMENT
8.3462105,-11.844079,get_invoice,INVOICE
1.7295867,-5.8986735,complaint,FEEDBACK
-19.06068,-4.1230116,change_order,ORDER
-18.741693,9.984268,delete_account,ACCOUNT
-18.33378,-16.443024,track_refund,REFUND
10.37332,7.2162848,registration_problems,ACCOUNT
-4.751318,10.800427,check_refund_policy,REFUND
-8.007189,-14.258722,change_order,ORDER
-24.852856,-20.174973,get_refund,REFUND
0.5311766,9.736048,get_refund,REFUND
-37.38229,-9.827082,change_order,ORDER
-7.6002464,6.6959023,check_payment_methods,PAYMENT
-0.57512546,7.221173,change_shipping_address,SHIPPING
5.8691187,2.4197295,payment_issue,PAYMENT
12.140721,-4.828798,track_refund,REFUND
9.592241,5.032304,review,FEEDBACK
-0.08875911,7.6972857,registration_problems,ACCOUNT
-15.386426,-1.502579,switch_account,ACCOUNT
3.1463888,9.112472,contact_human_agent,CONTACT
-21.713747,-5.5323477,track_order,ORDER
-1.4025711,4.648832,check_invoice,INVOICE
5.0095577,4.916972,registration_problems,ACCOUNT
12.828754,2.2840922,review,FEEDBACK
9.3499155,-8.502688,newsletter_subscription,SUBSCRIPTION
10.957253,-10.177126,review,FEEDBACK
12.6534605,-9.216473,delivery_period,DELIVERY
10.937169,-9.129368,newsletter_subscription,SUBSCRIPTION
11.283704,-6.311815,contact_human_agent,CONTACT
14.052907,-8.328476,delivery_period,DELIVERY
-16.15943,7.834902,complaint,FEEDBACK
5.5086975,9.133142,check_payment_methods,PAYMENT
3.9970436,-6.278969,newsletter_subscription,SUBSCRIPTION
-3.8247972,12.06941,contact_human_agent,CONTACT
6.2253494,-7.3294287,set_up_shipping_address,SHIPPING
4.893781,4.625845,delivery_options,DELIVERY
12.743535,-8.742338,check_payment_methods,PAYMENT
3.8717694,6.8642993,track_refund,REFUND
-3.2836008,9.517841,set_up_shipping_address,SHIPPING
11.627316,-5.7982774,payment_issue,PAYMENT
-6.8032274,9.367168,complaint,FEEDBACK
10.532542,4.0881095,delivery_period,DELIVERY
-5.377533,9.191968,registration_problems,ACCOUNT
-4.721201,-7.552795,get_invoice,INVOICE
-12.923122,11.229079,review,FEEDBACK
-11.7831745,1.2262145,delete_account,ACCOUNT
-0.22043425,6.571076,set_up_shipping_address,SHIPPING
12.347627,-10.672527,place_order,ORDER
8.509036,6.4111724,check_payment_methods,PAYMENT
2.9735692,4.253579,newsletter_subscription,SUBSCRIPTION
13.318745,-7.454056,check_cancellation_fee,CANCEL
11.173301,-11.030366,place_order,ORDER
-25.392529,-6.1025147,cancel_order,ORDER
11.406739,-9.228502,check_cancellation_fee,CANCEL
-25.629757,-1.8510575,create_account,ACCOUNT
2.82071,10.868534,newsletter_subscription,SUBSCRIPTION
-16.826162,10.751549,create_account,ACCOUNT
-7.5066853,-13.814583,create_account,ACCOUNT
2.8930821,5.3579617,recover_password,ACCOUNT
7.493932,5.178423,registration_problems,ACCOUNT
-34.531204,-2.1688755,edit_account,ACCOUNT
-6.6217136,9.943466,switch_account,ACCOUNT
5.7809806,7.6881,check_cancellation_fee,CANCEL
8.870965,-2.4880586,switch_account,ACCOUNT
2.7688134,9.641895,get_refund,REFUND
12.618338,-7.2815533,delivery_options,DELIVERY
10.53276,7.0524454,delivery_period,DELIVERY
1.478726,5.464357,complaint,FEEDBACK
4.289474,-9.4370775,get_refund,REFUND
-16.262335,-2.7677972,delete_account,ACCOUNT
6.0244627,1.315064,change_shipping_address,SHIPPING
5.249873,2.0602138,check_refund_policy,REFUND
-8.878833,-3.128919,create_account,ACCOUNT
7.134791,-11.550552,newsletter_subscription,SUBSCRIPTION
7.783805,4.216894,get_refund,REFUND
10.644089,5.2013144,check_cancellation_fee,CANCEL
9.761013,1.1197504,payment_issue,PAYMENT
-2.7135034,3.8967855,check_refund_policy,REFUND
-0.725168,2.4611707,get_invoice,INVOICE
5.9367332,6.8639545,payment_issue,PAYMENT
13.529546,-9.5088005,review,FEEDBACK
2.3563724,3.9986792,recover_password,ACCOUNT
3.362736,6.359818,change_shipping_address,SHIPPING
15.019538,4.766439,delivery_period,DELIVERY
-14.595023,-17.597086,cancel_order,ORDER
6.778991,2.574679,set_up_shipping_address,SHIPPING
-4.4197807,8.488039,payment_issue,PAYMENT
-7.9438944,12.201252,change_shipping_address,SHIPPING
-7.7273197,-13.462612,delete_account,ACCOUNT
7.410533,9.397273,get_refund,REFUND
6.921223,-7.310935,create_account,ACCOUNT
12.954091,-10.395023,delivery_options,DELIVERY
9.488724,-4.4923363,switch_account,ACCOUNT
14.06192,-10.219211,contact_human_agent,CONTACT
1.3046895,7.3740296,check_payment_methods,PAYMENT
10.376727,-3.0040538,check_payment_methods,PAYMENT
15.536824,-7.5865307,review,FEEDBACK
-28.432081,7.206579,change_order,ORDER
2.3607178,5.157059,complaint,FEEDBACK
-7.4311604,7.2845187,set_up_shipping_address,SHIPPING
-9.142377,-2.6751835,check_invoice,INVOICE
-1.5055091,13.67381,check_refund_policy,REFUND
13.08158,-10.927954,check_refund_policy,REFUND
-1.9961169,3.555379,check_invoice,INVOICE
-20.159428,-4.334485,change_order,ORDER
-6.382513,-10.987921,change_order,ORDER
2.5892084,-13.41847,create_account,ACCOUNT
9.615249,6.6629066,switch_account,ACCOUNT
12.784979,6.209373,place_order,ORDER
0.78173447,5.6727176,registration_problems,ACCOUNT
-24.565952,-3.9184587,track_order,ORDER
5.091044,5.4690895,change_shipping_address,SHIPPING
10.781203,-9.596836,delivery_options,DELIVERY
-19.075327,5.1782303,track_order,ORDER
4.2584095,3.7762055,place_order,ORDER
-18.126448,-1.9726273,cancel_order,ORDER
-11.772044,8.260503,complaint,FEEDBACK
2.5500093,5.3768024,set_up_shipping_address,SHIPPING
-14.084199,4.873597,check_invoice,INVOICE
4.2038774,7.619213,track_refund,REFUND
2.1125858,-8.026836,change_shipping_address,SHIPPING
10.5485935,-8.240132,newsletter_subscription,SUBSCRIPTION
1.513431,7.748413,check_payment_methods,PAYMENT
-11.540995,-2.6444614,create_account,ACCOUNT
4.7265406,11.413664,check_refund_policy,REFUND
10.323045,8.696715,delivery_period,DELIVERY
-10.236053,2.7466218,check_invoice,INVOICE
4.724634,6.1948876,check_payment_methods,PAYMENT
2.5067322,5.3340087,recover_password,ACCOUNT
7.3752265,-7.0319304,set_up_shipping_address,SHIPPING
9.6061535,-1.041838,get_refund,REFUND
-4.300967,9.774832,recover_password,ACCOUNT
-5.856294,8.157468,place_order,ORDER
5.838937,5.3868685,check_cancellation_fee,CANCEL
0.18094443,12.270948,check_payment_methods,PAYMENT
8.29084,2.6012204,delivery_period,DELIVERY
-8.970153,-15.138422,track_order,ORDER
11.947968,-7.645961,registration_problems,ACCOUNT
4.278554,-7.1512756,check_invoice,INVOICE
-0.8460092,5.810515,review,FEEDBACK
0.06484346,5.243216,delete_account,ACCOUNT
6.557207,7.292709,check_payment_methods,PAYMENT
8.347959,-7.186265,check_payment_methods,PAYMENT
-3.3361404,-12.388949,switch_account,ACCOUNT
10.226437,-4.2749186,check_cancellation_fee,CANCEL
6.6169596,7.774738,switch_account,ACCOUNT
11.396247,4.4619236,delivery_options,DELIVERY
-18.000462,-3.438901,track_order,ORDER
8.637511,4.627451,delivery_options,DELIVERY
-8.2736025,-2.1051505,switch_account,ACCOUNT
11.587462,-11.45705,contact_customer_service,CONTACT
14.571148,7.5840106,delivery_period,DELIVERY
8.266406,4.801026,contact_customer_service,CONTACT
10.77812,4.3983836,complaint,FEEDBACK
3.2283864,3.9353962,change_shipping_address,SHIPPING
9.473422,-7.319533,set_up_shipping_address,SHIPPING
-3.940796,9.982457,check_payment_methods,PAYMENT
-11.0089445,-13.915536,change_order,ORDER
7.179335,6.601601,complaint,FEEDBACK
5.1494355,5.108236,delete_account,ACCOUNT
-11.047178,8.178528,complaint,FEEDBACK
14.092348,-7.2484646,check_refund_policy,REFUND
10.5769415,-7.3346167,set_up_shipping_address,SHIPPING
2.8075628,7.664798,check_payment_methods,PAYMENT
8.278575,7.960757,place_order,ORDER
-2.7567973,8.457332,payment_issue,PAYMENT
6.030279,-7.342615,registration_problems,ACCOUNT
3.4280367,9.693189,check_cancellation_fee,CANCEL
7.1910887,-8.668516,contact_customer_service,CONTACT
9.078475,-9.820639,place_order,ORDER
-6.6187277,7.750371,recover_password,ACCOUNT
4.341532,-11.899888,recover_password,ACCOUNT
13.234995,-9.265493,delivery_period,DELIVERY
-33.510395,-5.31156,track_order,ORDER
4.3497686,3.9475238,get_refund,REFUND
-23.273483,-1.6634177,track_order,ORDER
6.5713305,5.3111973,check_refund_policy,REFUND
7.6442356,3.2162926,contact_customer_service,CONTACT
-18.189314,-2.7977908,change_order,ORDER
6.231187,6.530491,payment_issue,PAYMENT
9.955665,-7.0197287,registration_problems,ACCOUNT
2.8192394,3.9131823,change_shipping_address,SHIPPING
-0.27227333,9.919499,contact_customer_service,CONTACT
-29.259958,-1.577826,check_invoice,INVOICE
10.484597,-10.722887,check_cancellation_fee,CANCEL
-5.091547,-16.525507,get_invoice,INVOICE
-40.779984,-5.5144258,create_account,ACCOUNT
13.358389,5.4225645,delivery_period,DELIVERY
-3.5531945,3.8614736,newsletter_subscription,SUBSCRIPTION
-15.472609,-1.7552823,delete_account,ACCOUNT
-19.729282,-0.39965412,change_order,ORDER
5.6466846,6.5565305,review,FEEDBACK
6.555371,3.2804003,complaint,FEEDBACK
11.350093,-11.395,place_order,ORDER
10.944925,-8.252518,review,FEEDBACK
-1.0189894,6.891554,registration_problems,ACCOUNT
7.0096397,4.213815,get_refund,REFUND
9.237662,-6.407338,set_up_shipping_address,SHIPPING
13.787309,-8.463589,review,FEEDBACK
-21.940157,-3.546076,cancel_order,ORDER
4.834482,7.8066626,review,FEEDBACK
9.317255,5.325192,delivery_period,DELIVERY
5.7694397,6.6555204,complaint,FEEDBACK
6.534239,-5.193895,check_payment_methods,PAYMENT
-5.366577,-13.435341,create_account,ACCOUNT
-8.924848,13.306971,check_payment_methods,PAYMENT
-17.352722,-2.946922,switch_account,ACCOUNT
2.9149053,-3.7385252,recover_password,ACCOUNT
12.223841,-11.097038,check_refund_policy,REFUND
12.674904,-10.550199,delivery_period,DELIVERY
1.3243723,9.111877,contact_customer_service,CONTACT
6.756318,5.71577,delete_account,ACCOUNT
6.9925485,0.4269129,review,FEEDBACK
-12.152213,-6.1160135,get_invoice,INVOICE
9.329148,-4.9985156,check_cancellation_fee,CANCEL
15.114099,2.6656613,place_order,ORDER
5.128335,-8.383647,get_invoice,INVOICE
6.8575115,-6.1899023,change_shipping_address,SHIPPING
5.954854,-8.127685,delete_account,ACCOUNT
-1.5660287,11.056941,edit_account,ACCOUNT
9.709493,5.705925,get_refund,REFUND
13.954184,3.8613956,get_refund,REFUND
-15.107037,-14.620545,delete_account,ACCOUNT
-16.261015,-3.9025826,track_order,ORDER
-11.15686,1.0289681,switch_account,ACCOUNT
-4.151375,9.260989,check_payment_methods,PAYMENT
-12.966803,-9.065845,track_order,ORDER
11.468062,-8.847139,review,FEEDBACK
-21.456682,-11.476099,cancel_order,ORDER
10.628274,-10.5238,newsletter_subscription,SUBSCRIPTION
-3.216485,10.409997,place_order,ORDER
7.4446325,-8.869887,track_refund,REFUND
10.702351,-8.071833,create_account,ACCOUNT
-26.559875,-11.547323,track_order,ORDER
9.765131,5.498378,complaint,FEEDBACK
-11.957917,-13.7713995,switch_account,ACCOUNT
-4.94026,7.52523,contact_customer_service,CONTACT
-25.959866,-4.019336,edit_account,ACCOUNT
-15.052808,-20.920732,cancel_order,ORDER
-4.228374,-11.144132,get_invoice,INVOICE
0.18527287,7.886322,set_up_shipping_address,SHIPPING
11.447535,1.2263261,track_refund,REFUND
5.0532126,2.2762322,create_account,ACCOUNT
-7.661978,-1.266581,track_order,ORDER
14.384757,-8.832086,delivery_period,DELIVERY
10.45422,-9.720373,contact_human_agent,CONTACT
13.9292145,-10.928657,check_refund_policy,REFUND
1.7592233,10.092393,review,FEEDBACK
10.055441,6.6475925,contact_customer_service,CONTACT
9.583296,-6.2978516,place_order,ORDER
12.1428,-8.418315,contact_customer_service,CONTACT
1.8461274,7.1467905,payment_issue,PAYMENT
-14.830667,-18.173716,cancel_order,ORDER
-11.206719,11.508965,edit_account,ACCOUNT
2.186518,2.754798,registration_problems,ACCOUNT
11.390356,3.8720028,check_refund_policy,REFUND
7.9145136,10.351843,delivery_period,DELIVERY
11.187723,-9.912809,check_refund_policy,REFUND
-14.594717,-1.2215499,get_invoice,INVOICE
9.312406,5.872367,get_refund,REFUND
4.9077196,4.5014834,registration_problems,ACCOUNT
-27.959187,-4.0183187,track_order,ORDER
1.2531601,9.846595,recover_password,ACCOUNT
4.0962186,7.0663958,check_cancellation_fee,CANCEL
3.2180011,5.7091465,complaint,FEEDBACK
2.4188423,8.145465,change_shipping_address,SHIPPING
9.667863,7.809735,delivery_period,DELIVERY
10.788243,2.2490356,delete_account,ACCOUNT
-7.9995294,5.897356,change_shipping_address,SHIPPING
11.334513,-7.4877357,review,FEEDBACK
1.755958,7.9750743,recover_password,ACCOUNT
-11.69141,1.0865217,create_account,ACCOUNT
11.229443,2.8710146,delivery_options,DELIVERY
-2.3021126,-10.451714,get_invoice,INVOICE
11.216348,-8.897429,contact_customer_service,CONTACT
8.576158,-7.8876476,complaint,FEEDBACK
-4.895793,6.881548,get_invoice,INVOICE
-1.4768629,6.0737033,change_shipping_address,SHIPPING
7.3176556,6.8017917,get_refund,REFUND
-0.9758458,9.601283,check_cancellation_fee,CANCEL
2.1403627,3.365236,get_refund,REFUND
-2.4572241,5.537874,change_shipping_address,SHIPPING
6.486291,5.934359,check_refund_policy,REFUND
-5.3354635,-13.816424,check_invoice,INVOICE
-26.02829,10.11208,edit_account,ACCOUNT
1.3587365,11.799046,review,FEEDBACK
5.06007,-4.3248205,set_up_shipping_address,SHIPPING
-16.684853,-4.0086217,change_order,ORDER
-19.00436,10.243809,contact_customer_service,CONTACT
1.2436686,4.0485926,recover_password,ACCOUNT
9.693513,-6.977256,delivery_options,DELIVERY
-1.3819385,-4.605275,get_invoice,INVOICE
-5.9612513,6.3245997,switch_account,ACCOUNT
5.392222,6.8816695,check_payment_methods,PAYMENT
12.729123,-7.66879,payment_issue,PAYMENT
8.383773,-0.88747126,contact_human_agent,CONTACT
9.730283,2.3831255,set_up_shipping_address,SHIPPING
0.662995,-8.655182,change_shipping_address,SHIPPING
2.5531888,5.938843,registration_problems,ACCOUNT
-3.743877,8.171489,check_refund_policy,REFUND
-13.88091,-14.863638,change_order,ORDER
-23.130062,-7.4929166,change_order,ORDER
10.688814,-7.918023,check_cancellation_fee,CANCEL
12.866847,-0.16008869,place_order,ORDER
-10.726874,-4.171733,change_order,ORDER
12.831055,-12.031486,newsletter_subscription,SUBSCRIPTION
7.7196007,4.0614147,place_order,ORDER
-12.597733,-3.0957355,create_account,ACCOUNT
2.9015014,5.016345,complaint,FEEDBACK
8.047038,4.5748563,contact_customer_service,CONTACT
11.530237,7.521824,contact_customer_service,CONTACT
-2.481708,-5.6552424,recover_password,ACCOUNT
13.051261,-5.8716106,track_refund,REFUND
8.211044,5.6179223,delivery_period,DELIVERY
10.47418,4.7878246,check_refund_policy,REFUND
-3.5955577,6.8356833,contact_human_agent,CONTACT
13.270631,5.3383923,delivery_period,DELIVERY
9.611234,-8.65077,place_order,ORDER
-5.8565397,9.656112,edit_account,ACCOUNT
3.6738877,7.9278026,complaint,FEEDBACK
-11.528365,10.843506,delete_account,ACCOUNT
2.607907,6.475699,complaint,FEEDBACK
-17.244751,10.854725,edit_account,ACCOUNT
-7.658169,6.7172875,set_up_shipping_address,SHIPPING
-6.1279364,-13.464096,track_order,ORDER
2.4760094,3.016139,recover_password,ACCOUNT
5.066418,5.53982,registration_problems,ACCOUNT
7.5637445,-5.9850636,check_payment_methods,PAYMENT
11.055434,-11.325354,check_refund_policy,REFUND
8.7000475,3.2008426,delivery_options,DELIVERY
-25.58356,-0.46489337,cancel_order,ORDER
-8.783698,9.153979,set_up_shipping_address,SHIPPING
4.216295,-3.7670443,change_shipping_address,SHIPPING
3.6989946,6.992647,set_up_shipping_address,SHIPPING
0.09638499,0.951026,check_refund_policy,REFUND
10.817395,5.5739536,contact_human_agent,CONTACT
11.658128,-6.0259523,contact_human_agent,CONTACT
-6.9502616,11.434668,newsletter_subscription,SUBSCRIPTION
13.319266,-8.858922,check_payment_methods,PAYMENT
7.5345764,3.7808363,change_shipping_address,SHIPPING
-26.070587,9.216158,create_account,ACCOUNT
9.342509,-11.166418,create_account,ACCOUNT
-4.6244984,6.6038747,track_refund,REFUND
-8.7591,6.3879023,newsletter_subscription,SUBSCRIPTION
12.999308,-11.149258,newsletter_subscription,SUBSCRIPTION
-19.42903,-12.01762,track_order,ORDER
4.7677946,6.1919208,check_cancellation_fee,CANCEL
12.3907585,-5.5477557,check_refund_policy,REFUND
1.8132021,9.091379,delete_account,ACCOUNT
11.682839,-10.534618,complaint,FEEDBACK
-0.4064604,-11.862016,check_invoice,INVOICE
6.5127964,4.1616597,registration_problems,ACCOUNT
7.3290744,9.288561,check_cancellation_fee,CANCEL
9.626012,1.4877356,review,FEEDBACK
-2.5448322,7.706642,get_refund,REFUND
-1.0220909,8.579841,newsletter_subscription,SUBSCRIPTION
9.74286,-10.903616,newsletter_subscription,SUBSCRIPTION
-4.4879665,-12.56625,switch_account,ACCOUNT
7.350822,-1.4053873,registration_problems,ACCOUNT
5.6048136,10.603124,place_order,ORDER
8.847095,-5.8905783,review,FEEDBACK
3.4749255,6.1873055,newsletter_subscription,SUBSCRIPTION
8.171573,-10.308678,newsletter_subscription,SUBSCRIPTION
8.071001,-12.625652,cancel_order,ORDER
8.386565,-7.43194,contact_customer_service,CONTACT
-22.435976,-1.9963063,delivery_options,DELIVERY
17.244045,-8.685559,check_refund_policy,REFUND
11.809923,-9.055255,check_cancellation_fee,CANCEL
12.089899,-9.525358,check_cancellation_fee,CANCEL
11.897434,-10.206161,get_refund,REFUND
8.511242,9.408953,switch_account,ACCOUNT
-4.6379604,10.057724,change_shipping_address,SHIPPING
-15.066078,-8.835565,cancel_order,ORDER
-8.648498,8.722779,check_payment_methods,PAYMENT
-6.5991755,-12.919594,cancel_order,ORDER
-26.339851,1.6528381,get_invoice,INVOICE
3.262672,10.834061,check_payment_methods,PAYMENT
1.4994442,8.385635,check_payment_methods,PAYMENT
9.146547,5.5564713,check_payment_methods,PAYMENT
9.960499,5.5541058,contact_customer_service,CONTACT
8.356184,3.524908,recover_password,ACCOUNT
3.0608668,3.2972546,recover_password,ACCOUNT
-7.762896,9.034857,complaint,FEEDBACK
0.9266868,9.06165,delete_account,ACCOUNT
-6.31102,-15.383846,cancel_order,ORDER
-4.778389,10.883563,place_order,ORDER
8.166099,5.3750124,delivery_period,DELIVERY
-0.6627854,8.434552,set_up_shipping_address,SHIPPING
-11.1989155,-3.6626022,delete_account,ACCOUNT
14.096676,-9.970219,check_payment_methods,PAYMENT
6.565336,-5.1054845,delete_account,ACCOUNT
1.4842656,-10.866801,get_invoice,INVOICE
9.854466,-8.745059,check_cancellation_fee,CANCEL
9.299069,5.271887,review,FEEDBACK
11.844005,-8.803943,review,FEEDBACK
-2.1935093,11.780673,edit_account,ACCOUNT
-1.255946,9.727373,payment_issue,PAYMENT
4.012014,3.841168,complaint,FEEDBACK
2.1054404,4.0135536,place_order,ORDER
4.701958,2.513732,contact_customer_service,CONTACT
12.317613,-7.538393,registration_problems,ACCOUNT
3.4503918,9.379566,switch_account,ACCOUNT
-4.7161255,10.682746,newsletter_subscription,SUBSCRIPTION
1.9265836,5.802987,check_refund_policy,REFUND
-17.869534,2.854333,track_order,ORDER
-12.899396,-8.468163,track_order,ORDER
4.363537,4.9290566,delivery_options,DELIVERY
-14.543412,1.4554095,track_order,ORDER
5.70566,-1.5083466,newsletter_subscription,SUBSCRIPTION
4.013138,4.757218,registration_problems,ACCOUNT
1.550246,5.8693447,check_cancellation_fee,CANCEL
-2.55327,5.5520616,place_order,ORDER
7.3165255,5.2837567,change_shipping_address,SHIPPING
-26.473095,-4.2477236,get_invoice,INVOICE
-9.713843,3.730866,track_order,ORDER
-21.993994,-3.8940814,change_order,ORDER
-10.852925,-13.564435,change_order,ORDER
1.8261051,6.6236906,delete_account,ACCOUNT
-7.609201,-2.927568,create_account,ACCOUNT
12.002505,-2.130971,get_refund,REFUND
-3.7044706,-5.8375626,get_invoice,INVOICE
-4.9119797,8.862919,newsletter_subscription,SUBSCRIPTION
4.8428364,8.210867,payment_issue,PAYMENT
-25.311497,-13.08233,get_refund,REFUND
7.0625896,1.1453364,delivery_options,DELIVERY
-13.6011305,-5.2093673,change_order,ORDER
-20.691702,-4.004539,track_order,ORDER
-6.6497555,7.8130345,create_account,ACCOUNT
9.60026,-4.9156127,complaint,FEEDBACK
10.75514,-7.8379173,contact_human_agent,CONTACT
5.584606,6.971181,review,FEEDBACK
6.452609,4.6166396,check_payment_methods,PAYMENT
1.2083926,6.1414566,newsletter_subscription,SUBSCRIPTION
7.982205,5.191486,place_order,ORDER
-13.494629,12.451235,edit_account,ACCOUNT
13.628501,-9.245753,delivery_period,DELIVERY
-12.103576,-11.936142,switch_account,ACCOUNT
-17.955376,-2.7837012,track_order,ORDER
10.939606,-8.668023,review,FEEDBACK
4.795841,8.895972,complaint,FEEDBACK
-18.554232,6.231122,get_invoice,INVOICE
6.2251654,1.0100623,change_shipping_address,SHIPPING
-2.3946197,-5.9944735,delete_account,ACCOUNT
-23.370556,-16.541903,track_refund,REFUND
11.169234,-9.931166,contact_human_agent,CONTACT
9.19475,1.3987308,check_payment_methods,PAYMENT
9.114202,4.6353254,get_refund,REFUND
6.398266,-4.63338,recover_password,ACCOUNT
9.213772,-6.3713183,recover_password,ACCOUNT
10.36678,-9.582636,review,FEEDBACK
10.4167185,4.3683314,delivery_period,DELIVERY
-19.905455,-4.582468,change_order,ORDER
8.230504,8.158327,registration_problems,ACCOUNT
8.035254,8.99156,get_refund,REFUND
-0.10666457,-9.108626,check_invoice,INVOICE
-1.6500269,5.635534,complaint,FEEDBACK
-4.3316097,10.944499,recover_password,ACCOUNT
9.406616,-7.3539786,payment_issue,PAYMENT
3.768562,5.9043365,contact_customer_service,CONTACT
6.1342964,5.478411,contact_human_agent,CONTACT
3.6937587,6.0116186,check_payment_methods,PAYMENT
-8.575669,9.965323,payment_issue,PAYMENT
8.963189,-8.818958,complaint,FEEDBACK
9.095122,10.05705,place_order,ORDER
8.643257,-6.147788,check_payment_methods,PAYMENT
2.1679575,8.216006,set_up_shipping_address,SHIPPING
4.3844657,7.896524,review,FEEDBACK
2.4426997,14.381216,check_cancellation_fee,CANCEL
11.336025,-10.071428,complaint,FEEDBACK
-8.831135,-14.177868,change_order,ORDER
3.1183248,8.178902,set_up_shipping_address,SHIPPING
-17.051228,-15.521265,create_account,ACCOUNT
-24.846222,-7.2398834,change_order,ORDER
-16.852106,8.181793,registration_problems,ACCOUNT
8.204646,-9.704277,contact_customer_service,CONTACT
-12.802566,-2.785817,change_order,ORDER
2.8545592,4.407137,change_shipping_address,SHIPPING
13.593177,-4.2754884,track_refund,REFUND
9.629926,-2.383657,registration_problems,ACCOUNT
-11.680074,-2.2628436,get_invoice,INVOICE
12.199611,-6.514889,check_cancellation_fee,CANCEL
7.519383,-8.322878,check_payment_methods,PAYMENT
11.133406,-8.579092,complaint,FEEDBACK
6.6949835,4.648097,payment_issue,PAYMENT
8.6675415,9.954745,contact_customer_service,CONTACT
5.818982,7.069767,review,FEEDBACK
2.9193487,5.3981047,get_refund,REFUND
11.059772,0.9974866,check_cancellation_fee,CANCEL
-22.004858,-3.867102,edit_account,ACCOUNT
9.8433275,9.642817,contact_customer_service,CONTACT
7.2430077,6.430435,place_order,ORDER
9.386891,-4.969719,check_payment_methods,PAYMENT
12.373035,-9.848723,recover_password,ACCOUNT
10.333333,4.0844464,check_refund_policy,REFUND
-16.328127,-7.5706053,track_order,ORDER
3.9849348,6.450558,complaint,FEEDBACK
6.5750275,8.668425,review,FEEDBACK
8.051886,0.21513703,check_refund_policy,REFUND
8.92826,3.6585028,review,FEEDBACK
11.351426,-5.9076695,edit_account,ACCOUNT
-5.618938,12.047351,create_account,ACCOUNT
1.5349147,10.006974,newsletter_subscription,SUBSCRIPTION
8.0911,-3.407698,payment_issue,PAYMENT
2.0392358,6.232074,review,FEEDBACK
7.4591513,-6.49248,complaint,FEEDBACK
9.115333,-11.25816,get_refund,REFUND
12.974353,-7.206699,change_shipping_address,SHIPPING
-19.788837,9.542038,edit_account,ACCOUNT
-4.6938972,6.7580333,contact_customer_service,CONTACT
9.441577,5.9986153,get_refund,REFUND
4.560601,5.7216306,change_shipping_address,SHIPPING
2.4919548,4.146468,check_invoice,INVOICE
16.055046,-6.606849,check_refund_policy,REFUND
3.3162007,4.658877,complaint,FEEDBACK
12.852712,5.766835,contact_human_agent,CONTACT
3.5771348,9.019009,switch_account,ACCOUNT
-20.685812,-2.371927,change_order,ORDER
-19.245953,-12.271564,cancel_order,ORDER
9.679939,-7.426517,payment_issue,PAYMENT
1.9575754,2.5678427,complaint,FEEDBACK
11.303458,-7.29996,delivery_period,DELIVERY
14.596826,-9.765959,delivery_period,DELIVERY
3.6846159,-0.7815231,change_shipping_address,SHIPPING
6.327834,8.995035,check_payment_methods,PAYMENT
-23.35246,-12.269861,get_refund,REFUND
7.027979,9.336308,complaint,FEEDBACK
-15.682051,-15.461458,change_order,ORDER
-14.0586405,9.206958,delete_account,ACCOUNT
7.869591,1.4581995,contact_human_agent,CONTACT
9.781172,-11.057383,delivery_options,DELIVERY
-0.73719263,6.943724,contact_customer_service,CONTACT
6.4085956,5.967141,check_cancellation_fee,CANCEL
11.583137,5.69753,payment_issue,PAYMENT
5.2528915,9.634373,review,FEEDBACK
5.876459,2.8015835,check_payment_methods,PAYMENT
1.2581153,3.3848732,set_up_shipping_address,SHIPPING
2.4761062,3.8890426,create_account,ACCOUNT
10.579831,7.169317,contact_customer_service,CONTACT
13.280825,-11.112002,complaint,FEEDBACK
8.788126,3.6590426,get_refund,REFUND
10.73681,9.129589,place_order,ORDER
5.6159844,8.444707,get_refund,REFUND
-1.5649426,7.4370017,check_payment_methods,PAYMENT
-15.441314,-7.5480433,track_order,ORDER
-8.267554,-17.075699,change_order,ORDER
11.123936,-7.779701,change_shipping_address,SHIPPING
3.7584522,4.7900143,check_refund_policy,REFUND
9.145295,-6.870595,check_payment_methods,PAYMENT
-11.178274,7.4602804,set_up_shipping_address,SHIPPING
-4.482101,-10.374017,change_order,ORDER
-11.400329,-0.8185697,switch_account,ACCOUNT
10.290401,-6.84966,check_cancellation_fee,CANCEL
4.543582,6.81426,registration_problems,ACCOUNT
7.960956,7.430343,contact_customer_service,CONTACT
6.74418,-10.598121,change_shipping_address,SHIPPING
5.108967,10.336578,create_account,ACCOUNT
10.350652,4.692191,check_refund_policy,REFUND
-8.968359,-4.1537123,create_account,ACCOUNT
13.085099,-9.520106,switch_account,ACCOUNT
0.047920424,6.754662,place_order,ORDER
7.908694,4.6511536,contact_customer_service,CONTACT
-0.3005663,-9.723027,recover_password,ACCOUNT
12.384283,4.3248386,check_refund_policy,REFUND
5.738038,11.178126,delivery_period,DELIVERY
-13.231463,0.30615848,change_order,ORDER
16.202995,-8.111236,check_refund_policy,REFUND
-10.183868,9.017429,payment_issue,PAYMENT
8.822127,-5.6007023,change_shipping_address,SHIPPING
-4.460003,14.735906,check_refund_policy,REFUND
-10.265402,12.371459,recover_password,ACCOUNT
6.2188125,7.0166116,check_refund_policy,REFUND
-8.266891,3.7840395,recover_password,ACCOUNT
-1.5861,6.8422728,newsletter_subscription,SUBSCRIPTION
-13.633137,10.125628,newsletter_subscription,SUBSCRIPTION
3.18856,-7.9967427,recover_password,ACCOUNT
-0.703334,-5.8827624,recover_password,ACCOUNT
-8.969674,8.874234,registration_problems,ACCOUNT
-2.8300169,7.5244784,payment_issue,PAYMENT
6.6499314,7.1954956,get_refund,REFUND
10.587582,-7.998974,delivery_period,DELIVERY
7.251685,-7.347223,change_shipping_address,SHIPPING
-0.45768988,3.7732892,recover_password,ACCOUNT
8.419286,4.564811,check_cancellation_fee,CANCEL
-17.192383,-6.5589085,get_refund,REFUND
-24.680622,-1.6032205,check_invoice,INVOICE
3.1535525,5.048667,recover_password,ACCOUNT
4.850552,-2.940664,get_invoice,INVOICE
1.3102374,11.046203,payment_issue,PAYMENT
13.239827,10.67581,track_refund,REFUND
12.966354,-8.705189,check_refund_policy,REFUND
3.3890643,11.285608,check_cancellation_fee,CANCEL
13.91992,-12.251331,contact_human_agent,CONTACT
7.353098,9.586129,get_refund,REFUND
1.0162019,4.2167106,recover_password,ACCOUNT
7.9995947,-8.655538,set_up_shipping_address,SHIPPING
14.86835,-11.57648,delivery_period,DELIVERY
-9.278167,10.645669,create_account,ACCOUNT
-24.201462,3.6399922,check_invoice,INVOICE
4.236333,-0.07546401,contact_human_agent,CONTACT
1.8475794,2.3329778,contact_customer_service,CONTACT
4.540405,3.5419064,recover_password,ACCOUNT
-9.347574,13.447011,check_refund_policy,REFUND
4.630243,12.884341,contact_customer_service,CONTACT
-12.272774,-1.9441683,change_order,ORDER
6.307861,-6.0852456,registration_problems,ACCOUNT
7.150329,6.5244975,place_order,ORDER
-2.9670238,3.701089,change_shipping_address,SHIPPING
-15.1855955,-1.6648033,track_order,ORDER
-10.711791,16.55238,check_refund_policy,REFUND
-16.90955,0.80897397,track_order,ORDER
8.678666,-6.6274967,set_up_shipping_address,SHIPPING
-36.16048,-8.114173,change_order,ORDER
17.119038,-8.516221,delivery_period,DELIVERY
-11.939622,-4.797138,track_order,ORDER
7.533856,-7.6602416,create_account,ACCOUNT
6.584392,8.789338,delete_account,ACCOUNT
10.598749,1.4953065,contact_human_agent,CONTACT
6.1144295,8.133023,newsletter_subscription,SUBSCRIPTION
-7.511283,12.304034,create_account,ACCOUNT
8.551304,1.2732102,edit_account,ACCOUNT
13.298089,-9.127496,delivery_period,DELIVERY
7.0513186,-7.0780687,recover_password,ACCOUNT
5.010007,-7.4954762,recover_password,ACCOUNT
4.3576293,7.4906006,get_refund,REFUND
-2.3344028,7.3267856,newsletter_subscription,SUBSCRIPTION
10.322452,0.4533328,contact_human_agent,CONTACT
-35.32619,-5.6155334,track_order,ORDER
11.261987,5.9369473,check_refund_policy,REFUND
1.7314217,11.950469,change_shipping_address,SHIPPING
-16.241613,2.1968136,track_order,ORDER
9.772484,3.8160255,delivery_options,DELIVERY
-10.876508,2.9489982,change_order,ORDER
-24.19152,-19.231838,get_refund,REFUND
-15.476467,-20.845734,cancel_order,ORDER
17.266504,-9.622247,contact_human_agent,CONTACT
-8.382504,-6.1612105,check_invoice,INVOICE
6.6744523,6.9592257,delivery_period,DELIVERY
-9.187743,12.809148,check_cancellation_fee,CANCEL
-11.267636,15.865742,create_account,ACCOUNT
10.492478,6.266305,check_cancellation_fee,CANCEL
5.486117,8.766405,contact_customer_service,CONTACT
6.090563,7.4316525,review,FEEDBACK
-9.225697,-12.305152,create_account,ACCOUNT
1.4257072,0.29182312,switch_account,ACCOUNT
1.90059,2.8265986,set_up_shipping_address,SHIPPING
4.2286043,-6.4908843,newsletter_subscription,SUBSCRIPTION
5.4111795,2.1590674,review,FEEDBACK
-21.001026,-6.131166,track_refund,REFUND
-2.4941783,3.2009385,create_account,ACCOUNT
2.6427011,5.5474677,check_refund_policy,REFUND
4.4182673,-8.418731,get_invoice,INVOICE
-0.604999,9.775925,recover_password,ACCOUNT
9.40301,5.4569054,track_refund,REFUND
-4.409189,-16.46377,check_invoice,INVOICE
-6.4078794,-12.662043,change_order,ORDER
9.744088,0.96539444,delivery_options,DELIVERY
10.133325,4.8214297,payment_issue,PAYMENT
4.5116196,4.28639,contact_human_agent,CONTACT
-11.946195,3.7541378,track_order,ORDER
-8.588699,4.6904864,get_invoice,INVOICE
-12.338271,11.235772,recover_password,ACCOUNT
1.092023,6.901581,set_up_shipping_address,SHIPPING
13.504126,-7.473628,switch_account,ACCOUNT
5.5710783,7.883466,contact_customer_service,CONTACT
-21.595934,-8.390327,cancel_order,ORDER
13.814797,-7.8045635,delivery_options,DELIVERY
-8.978581,2.7092876,get_invoice,INVOICE
-16.236692,10.849319,create_account,ACCOUNT
-9.292747,6.9841514,delete_account,ACCOUNT
11.37927,-7.60352,check_cancellation_fee,CANCEL
-16.831823,-6.752148,cancel_order,ORDER
10.990017,-7.5517483,get_refund,REFUND
7.1578536,2.5888276,get_refund,REFUND
12.108883,-12.020785,review,FEEDBACK
12.203217,1.996593,recover_password,ACCOUNT
7.638914,7.232045,check_cancellation_fee,CANCEL
-13.7484255,-3.5604525,change_order,ORDER
9.689108,4.29256,place_order,ORDER
10.102293,7.390001,change_shipping_address,SHIPPING
-8.091278,-13.89158,get_invoice,INVOICE
-22.919357,-2.481421,edit_account,ACCOUNT
0.12554279,7.5189686,get_refund,REFUND
3.539195,1.7991353,newsletter_subscription,SUBSCRIPTION
6.401181,6.3546658,check_cancellation_fee,CANCEL
3.2897449,8.226343,contact_human_agent,CONTACT
-10.5894575,4.603396,change_order,ORDER
1.7509186,8.100256,payment_issue,PAYMENT
4.136526,-9.020426,recover_password,ACCOUNT
14.818721,-10.212369,delivery_period,DELIVERY
9.316758,5.5479155,delivery_period,DELIVERY
-0.663216,-2.2186215,newsletter_subscription,SUBSCRIPTION
5.2169437,6.2583294,place_order,ORDER
-6.1438937,-12.857333,switch_account,ACCOUNT
-9.959434,-9.29626,create_account,ACCOUNT
6.8285804,0.4024439,place_order,ORDER
6.540379,-6.8200927,recover_password,ACCOUNT
9.93552,-10.234455,place_order,ORDER
1.5436847,6.3127203,contact_human_agent,CONTACT
10.262488,-10.2736,track_refund,REFUND
9.790796,9.008373,track_refund,REFUND
-11.295724,9.638192,registration_problems,ACCOUNT
10.168377,-6.9435763,track_refund,REFUND
8.630856,-10.4274645,place_order,ORDER
4.821174,5.890523,contact_customer_service,CONTACT
8.188673,9.430609,place_order,ORDER
-4.1630383,-8.466536,get_invoice,INVOICE
11.297074,0.30426905,switch_account,ACCOUNT
-20.589464,-1.5069027,change_order,ORDER
-6.255957,7.74769,recover_password,ACCOUNT
3.3051174,6.3545732,registration_problems,ACCOUNT
8.886738,6.9116573,registration_problems,ACCOUNT
2.372459,-5.126881,set_up_shipping_address,SHIPPING
-1.9740094,7.648922,place_order,ORDER
-20.199804,-4.8693123,track_refund,REFUND
8.800647,5.727535,contact_customer_service,CONTACT
1.5976076,7.309445,set_up_shipping_address,SHIPPING
5.4248295,6.8141723,check_cancellation_fee,CANCEL
-24.030994,-3.4406257,track_order,ORDER
-6.8943915,-2.9762883,switch_account,ACCOUNT
7.9158955,4.2018223,newsletter_subscription,SUBSCRIPTION
10.944296,-10.043157,delete_account,ACCOUNT
10.010163,-9.869234,review,FEEDBACK
12.392868,-1.5841714,place_order,ORDER
2.0518003,2.6492074,get_invoice,INVOICE
6.126772,7.7313776,switch_account,ACCOUNT
-9.621888,7.3892097,set_up_shipping_address,SHIPPING
-14.899504,-1.4596498,create_account,ACCOUNT
-18.731075,12.606833,switch_account,ACCOUNT
-16.727528,4.9419327,check_invoice,INVOICE
1.1609936,-7.422923,track_order,ORDER
10.370397,6.7761636,registration_problems,ACCOUNT
-5.4014845,-4.6937504,check_invoice,INVOICE
3.7526708,6.747018,set_up_shipping_address,SHIPPING
10.743709,3.1410992,delete_account,ACCOUNT
-10.682566,-15.63514,track_order,ORDER
9.294535,5.768321,place_order,ORDER
-19.331793,-7.0669827,change_order,ORDER
-14.686786,15.668844,create_account,ACCOUNT
13.354386,-1.2774668,contact_human_agent,CONTACT
9.05671,-8.662054,place_order,ORDER
13.044387,2.6065333,contact_human_agent,CONTACT
-25.767471,-10.660646,track_order,ORDER
-17.120876,-14.089452,track_refund,REFUND
-6.0117283,14.662537,registration_problems,ACCOUNT
8.857968,4.2323785,newsletter_subscription,SUBSCRIPTION
-6.549745,7.504464,switch_account,ACCOUNT
3.678845,6.0384607,delivery_options,DELIVERY
8.2527075,8.314688,edit_account,ACCOUNT
9.477661,4.936206,contact_customer_service,CONTACT
2.4274962,10.735353,review,FEEDBACK
-5.9654965,6.2869825,contact_human_agent,CONTACT
-3.524312,7.722962,newsletter_subscription,SUBSCRIPTION
-39.36911,-6.4356956,edit_account,ACCOUNT
-14.078705,-7.1546197,delivery_options,DELIVERY
9.225651,-15.314396,place_order,ORDER
6.738201,4.0300617,switch_account,ACCOUNT
14.20531,-6.999243,place_order,ORDER
-6.333274,-10.420605,create_account,ACCOUNT
9.975213,-10.449728,review,FEEDBACK
8.745294,3.3440602,delivery_period,DELIVERY
-18.080873,11.059118,edit_account,ACCOUNT
2.9028742,8.39872,delete_account,ACCOUNT
-12.556432,14.444184,create_account,ACCOUNT
11.662354,1.3220831,newsletter_subscription,SUBSCRIPTION
13.602595,-9.0227995,review,FEEDBACK
9.951257,3.559478,delivery_period,DELIVERY
13.101005,-12.119355,delivery_options,DELIVERY
-13.650611,4.784795,get_invoice,INVOICE
-30.844215,-2.489979,edit_account,ACCOUNT
11.618022,4.811,registration_problems,ACCOUNT
3.5081868,7.9840164,registration_problems,ACCOUNT
-16.73154,-3.6390512,track_order,ORDER
4.0237474,-8.144484,check_invoice,INVOICE
6.1087565,6.0793343,check_cancellation_fee,CANCEL
10.803344,-11.5906725,contact_human_agent,CONTACT
7.3916354,8.2131605,registration_problems,ACCOUNT
6.4090114,2.2804947,edit_account,ACCOUNT
-7.2953296,-13.613776,get_invoice,INVOICE
0.59639317,9.966149,review,FEEDBACK
10.993304,-6.2925043,payment_issue,PAYMENT
5.22124,-4.8025107,set_up_shipping_address,SHIPPING
8.050399,2.4311593,contact_human_agent,CONTACT
13.848365,-6.1856675,check_cancellation_fee,CANCEL
-13.341905,-17.725676,cancel_order,ORDER
6.9739027,-7.5001945,set_up_shipping_address,SHIPPING
6.4164505,-7.8175898,registration_problems,ACCOUNT
-13.385162,8.837098,set_up_shipping_address,SHIPPING
-7.1854606,-1.8065416,check_invoice,INVOICE
-11.207523,-3.463308,create_account,ACCOUNT
5.02043,-5.9293475,delete_account,ACCOUNT
7.51851,-6.1446924,edit_account,ACCOUNT
8.846356,-11.222067,delivery_period,DELIVERY
14.676979,-13.147026,delivery_options,DELIVERY
-3.285079,9.8895445,contact_customer_service,CONTACT
2.4285367,7.3868966,contact_customer_service,CONTACT
-7.5767794,-1.255695,track_order,ORDER
-24.773148,-5.8860846,track_order,ORDER
-17.076773,0.57227135,track_order,ORDER
10.785613,6.533785,track_refund,REFUND
6.4369,4.794112,set_up_shipping_address,SHIPPING
12.481094,-8.956727,contact_human_agent,CONTACT
1.5255758,6.5847516,delete_account,ACCOUNT
-8.465938,-3.326578,delete_account,ACCOUNT
6.8208346,3.4241943,set_up_shipping_address,SHIPPING
-6.8584185,-10.491681,delete_account,ACCOUNT
2.7487602,3.383058,edit_account,ACCOUNT
11.677498,-11.509271,delivery_options,DELIVERY
-3.3167765,-16.39323,get_invoice,INVOICE
12.502858,-9.104908,delivery_period,DELIVERY
5.4365916,-10.229336,get_invoice,INVOICE
9.16651,-12.316482,set_up_shipping_address,SHIPPING
-28.32589,11.41761,create_account,ACCOUNT
8.324792,6.256267,contact_human_agent,CONTACT
-11.7700815,5.4761715,edit_account,ACCOUNT
1.8484422,-1.8441217,set_up_shipping_address,SHIPPING
13.345391,-8.537261,switch_account,ACCOUNT
-29.125278,0.3815572,cancel_order,ORDER
-16.426136,10.079028,edit_account,ACCOUNT
-32.413235,8.187413,create_account,ACCOUNT
3.9170673,8.276822,switch_account,ACCOUNT
-17.150532,-1.325418,switch_account,ACCOUNT
3.0521293,8.849987,switch_account,ACCOUNT
-0.47732836,-11.48445,check_invoice,INVOICE
9.767511,4.9000483,contact_human_agent,CONTACT
0.5095575,1.8322003,check_invoice,INVOICE
-9.7515,-16.650248,cancel_order,ORDER
2.2479112,8.275065,payment_issue,PAYMENT
-14.467338,15.837845,edit_account,ACCOUNT
-10.134728,7.190795,delete_account,ACCOUNT
-2.5357175,2.8434865,check_invoice,INVOICE
-20.940826,-15.078916,track_refund,REFUND
4.370175,2.1670628,delivery_options,DELIVERY
9.460978,6.3680234,switch_account,ACCOUNT
-38.231594,-8.121325,edit_account,ACCOUNT
-2.9214396,8.362026,payment_issue,PAYMENT
-15.547551,-15.555561,cancel_order,ORDER
-11.539264,-2.3466668,check_invoice,INVOICE
-11.165458,-5.380746,cancel_order,ORDER
-5.0805073,7.7903376,payment_issue,PAYMENT
-8.540953,12.620954,edit_account,ACCOUNT
-7.733931,11.667338,check_invoice,INVOICE
-2.182725,5.5482817,check_invoice,INVOICE
-13.105159,7.2832575,track_refund,REFUND
8.700633,3.0172434,contact_human_agent,CONTACT
-1.7620984,14.0155325,track_refund,REFUND
-12.085952,-2.7552545,switch_account,ACCOUNT
-27.610273,7.454007,delete_account,ACCOUNT
-25.637037,-6.248696,check_invoice,INVOICE
6.2360916,-12.224319,get_invoice,INVOICE
10.281348,4.6152544,track_refund,REFUND
13.314693,-8.372494,track_refund,REFUND
-4.1385736,6.695523,delete_account,ACCOUNT
12.7823305,-6.135436,track_refund,REFUND
-15.208133,11.357177,edit_account,ACCOUNT
-20.834497,1.4750419,check_invoice,INVOICE
14.218597,-5.0836124,track_refund,REFUND
4.667729,9.394412,track_refund,REFUND
-1.3157929,-12.396886,check_invoice,INVOICE
-6.486184,7.938661,payment_issue,PAYMENT
-15.566043,-13.649607,track_refund,REFUND
-1.3054641,-14.369883,get_invoice,INVOICE
-31.459637,-4.904329,edit_account,ACCOUNT
-11.764321,-3.8780434,check_invoice,INVOICE
-26.477442,-8.512784,cancel_order,ORDER
-5.239611,-14.657228,delete_account,ACCOUNT
-11.911571,6.996977,delivery_options,DELIVERY
-20.698145,-4.9462667,delete_account,ACCOUNT
4.158019,-9.55874,get_invoice,INVOICE
-19.230976,9.889277,delete_account,ACCOUNT
10.843235,1.0542762,payment_issue,PAYMENT
-15.960403,9.201983,edit_account,ACCOUNT
-3.2823594,-12.661808,check_invoice,INVOICE
4.3824787,8.811285,payment_issue,PAYMENT
-15.246081,-2.6551566,check_invoice,INVOICE
10.171715,-7.3598013,payment_issue,PAYMENT
-5.743563,-12.831017,get_invoice,INVOICE
11.699224,1.7338513,payment_issue,PAYMENT
-1.1484536,7.4573708,track_refund,REFUND
9.910688,-6.393928,payment_issue,PAYMENT
-27.011822,-4.173741,cancel_order,ORDER
8.112796,1.3056921,delivery_options,DELIVERY
-5.3255816,10.208108,track_refund,REFUND
11.471783,-9.836815,delivery_options,DELIVERY
-7.9053836,-14.340881,get_invoice,INVOICE
1.6838235,1.3111957,get_invoice,INVOICE
9.737219,6.0056634,track_refund,REFUND
7.0036983,-8.616757,get_invoice,INVOICE
13.505628,1.7978382,delivery_options,DELIVERY
8.731872,7.287055,track_refund,REFUND
2.853257,4.6202364,check_invoice,INVOICE
-15.60691,-0.20672905,delivery_options,DELIVERY
-22.426907,-8.990014,cancel_order,ORDER
11.428446,-10.959555,delivery_options,DELIVERY
-9.746371,-1.4437809,get_invoice,INVOICE
-12.946673,8.07157,payment_issue,PAYMENT
3.9236372,6.5696626,track_refund,REFUND
5.7501698,7.3410454,track_refund,REFUND
10.224596,-4.8381424,payment_issue,PAYMENT
-26.343122,-3.2127829,cancel_order,ORDER
15.284108,-6.3329206,delivery_options,DELIVERY
-35.472004,-4.8506584,cancel_order,ORDER
11.956156,-6.033276,track_refund,REFUND
11.650817,-9.706852,delivery_options,DELIVERY
5.687587,6.1312103,track_refund,REFUND
-18.097727,-18.962677,cancel_order,ORDER
13.416366,1.6734073,delivery_options,DELIVERY
-17.352411,2.7637508,delivery_options,DELIVERY
5.9962945,4.292714,delivery_options,DELIVERY
16.281607,-8.852306,delivery_options,DELIVERY
11.462778,-10.020956,track_refund,REFUND
1.3116586,5.130883,delivery_options,DELIVERY
9.139895,6.9635296,track_refund,REFUND
-4.775648,-17.059855,cancel_order,ORDER
7.515177,3.3523457,delivery_options,DELIVERY
-12.381303,-6.5158334,cancel_order,ORDER
8.364112,4.632393,track_refund,REFUND
-13.427903,-15.258324,cancel_order,ORDER
-15.860164,-15.03705,cancel_order,ORDER
-14.928973,-12.7104,cancel_order,ORDER
-20.68614,-3.2832282,cancel_order,ORDER
-6.380487,-6.7885656,cancel_order,ORDER
